{
  "target": "/home/devj/local-arch/data/HKH_raw/HKH_nspi_raw_tiles/nspi_raw_148035_tile189_target_20061108.tif",
  "donors": [
    "/home/devj/local-arch/data/HKH_raw/HKH_nspi_raw_tiles/nspi_raw_148035_tile189_donor2_19991223.tif",
    "/home/devj/local-arch/data/HKH_raw/HKH_nspi_raw_tiles/nspi_raw_148035_tile189_donor1_20021012.tif",
    "/home/devj/local-arch/data/HKH_raw/HKH_nspi_raw_tiles/nspi_raw_148035_tile189_donor3_20061007.tif",
    "/home/devj/local-arch/data/HKH_raw/HKH_nspi_raw_tiles/nspi_raw_148035_tile189_donor1_20061023.tif",
    "/home/devj/local-arch/data/HKH_raw/HKH_nspi_raw_tiles/nspi_raw_148035_tile189_donor3_20010923.tif",
    "/home/devj/local-arch/data/HKH_raw/HKH_nspi_raw_tiles/nspi_raw_148035_tile189_donor4_20060905.tif"
  ],
  "sim_gap_pixels": 751720,
  "shift": {
    "dx": 220,
    "dy": -120
  },
  "methods": {
    "donor_copy_first": {
      "n_eval": 751720,
      "mae_mean": 0.07509444653987885,
      "rmse_mean": 0.13216736912727356,
      "bias_mean": -0.018802737817168236,
      "per_band": {
        "B1": {
          "mae": 0.08577102422714233,
          "rmse": 0.13766354322433472,
          "bias": -0.02846895158290863
        },
        "B2": {
          "mae": 0.09127768129110336,
          "rmse": 0.15200075507164001,
          "bias": -0.02774365060031414
        },
        "B3": {
          "mae": 0.09771924465894699,
          "rmse": 0.1585279405117035,
          "bias": -0.03723154962062836
        },
        "B4": {
          "mae": 0.09908699244260788,
          "rmse": 0.1701585352420807,
          "bias": -0.003093787468969822
        },
        "B5": {
          "mae": 0.04071833938360214,
          "rmse": 0.06968054175376892,
          "bias": -0.008308794349431992
        },
        "B7": {
          "mae": 0.035993367433547974,
          "rmse": 0.061752427369356155,
          "bias": -0.007969772443175316
        }
      },
      "ndsi_mae": 0.1374521106481552,
      "brightness_mae": 0.0627715215086937,
      "quality_counts": {
        "0": 2085968,
        "1": 751720
      }
    },
    "nspi_single_19991223": {
      "n_eval": 751720,
      "mae_mean": 0.04596110060811043,
      "rmse_mean": 0.08882055431604385,
      "bias_mean": -0.0028770200442522764,
      "per_band": {
        "B1": {
          "mae": 0.04770972579717636,
          "rmse": 0.09059633314609528,
          "bias": -0.0030550179071724415
        },
        "B2": {
          "mae": 0.05389051511883736,
          "rmse": 0.10139209777116776,
          "bias": -0.003387568984180689
        },
        "B3": {
          "mae": 0.054947465658187866,
          "rmse": 0.1040995717048645,
          "bias": -0.0039058569818735123
        },
        "B4": {
          "mae": 0.0624530129134655,
          "rmse": 0.11419831961393356,
          "bias": -0.0040960609912872314
        },
        "B5": {
          "mae": 0.029924916103482246,
          "rmse": 0.05259097367525101,
          "bias": -0.001501461723819375
        },
        "B7": {
          "mae": 0.02684100531041622,
          "rmse": 0.046932876110076904,
          "bias": -0.0013161548413336277
        }
      },
      "ndsi_mae": 0.12502577900886536,
      "brightness_mae": 0.03883408010005951,
      "quality_counts": {
        "0": 1090360,
        "1": 1045198,
        "2": 229253,
        "3": 214289,
        "5": 258588
      }
    },
    "nspi_single_20021012": {
      "n_eval": 751720,
      "mae_mean": 0.04665621370077133,
      "rmse_mean": 0.09074600040912628,
      "bias_mean": -0.0015187239041551948,
      "per_band": {
        "B1": {
          "mae": 0.049165528267621994,
          "rmse": 0.09402235597372055,
          "bias": -0.0016250882763415575
        },
        "B2": {
          "mae": 0.05552688241004944,
          "rmse": 0.10540041327476501,
          "bias": -0.0016981756780296564
        },
        "B3": {
          "mae": 0.05643492937088013,
          "rmse": 0.10734383016824722,
          "bias": -0.002068473491817713
        },
        "B4": {
          "mae": 0.0630912259221077,
          "rmse": 0.11620865762233734,
          "bias": -0.002081839134916663
        },
        "B5": {
          "mae": 0.02944505773484707,
          "rmse": 0.049677204340696335,
          "bias": -0.0008709345711395144
        },
        "B7": {
          "mae": 0.02627386525273323,
          "rmse": 0.04432378336787224,
          "bias": -0.000767822319176048
        }
      },
      "ndsi_mae": 0.14499638974666595,
      "brightness_mae": 0.03932417929172516,
      "quality_counts": {
        "0": 1090360,
        "1": 1047874,
        "2": 212581,
        "3": 209610,
        "5": 277263
      }
    },
    "nspi_single_20061007": {
      "n_eval": 751720,
      "mae_mean": 0.04102097079157829,
      "rmse_mean": 0.08051089942455292,
      "bias_mean": -0.0032059946097433567,
      "per_band": {
        "B1": {
          "mae": 0.04215051233768463,
          "rmse": 0.08229685574769974,
          "bias": -0.0029511128086596727
        },
        "B2": {
          "mae": 0.048038169741630554,
          "rmse": 0.09262124449014664,
          "bias": -0.0035983019042760134
        },
        "B3": {
          "mae": 0.0487145334482193,
          "rmse": 0.09419102221727371,
          "bias": -0.0037908456288278103
        },
        "B4": {
          "mae": 0.05517471954226494,
          "rmse": 0.1029532179236412,
          "bias": -0.004437816329300404
        },
        "B5": {
          "mae": 0.027533292770385742,
          "rmse": 0.047715432941913605,
          "bias": -0.002451627515256405
        },
        "B7": {
          "mae": 0.024514563381671906,
          "rmse": 0.04233766347169876,
          "bias": -0.0020062471739947796
        }
      },
      "ndsi_mae": 0.09348426759243011,
      "brightness_mae": 0.03443766385316849,
      "quality_counts": {
        "0": 1090360,
        "1": 668681,
        "2": 129708,
        "3": 72741,
        "5": 876198
      }
    },
    "nspi_single_20061023": {
      "n_eval": 751720,
      "mae_mean": 0.030445601791143417,
      "rmse_mean": 0.06574630737304688,
      "bias_mean": -0.0014225321356207132,
      "per_band": {
        "B1": {
          "mae": 0.03119966946542263,
          "rmse": 0.06754901260137558,
          "bias": -0.0010381367756053805
        },
        "B2": {
          "mae": 0.03475629538297653,
          "rmse": 0.07556289434432983,
          "bias": -0.0015310501912608743
        },
        "B3": {
          "mae": 0.03620068356394768,
          "rmse": 0.07872123271226883,
          "bias": -0.001514220959506929
        },
        "B4": {
          "mae": 0.03870236501097679,
          "rmse": 0.08212796598672867,
          "bias": -0.0020938797388225794
        },
        "B5": {
          "mae": 0.021908026188611984,
          "rmse": 0.038737308233976364,
          "bias": -0.0012596896849572659
        },
        "B7": {
          "mae": 0.01990654319524765,
          "rmse": 0.034931834787130356,
          "bias": -0.0010982109233736992
        }
      },
      "ndsi_mae": 0.0897868275642395,
      "brightness_mae": 0.026012692600488663,
      "quality_counts": {
        "0": 1090360,
        "1": 466599,
        "2": 95455,
        "3": 108601,
        "5": 1076673
      }
    },
    "nspi_single_20010923": {
      "n_eval": 751720,
      "mae_mean": 0.06849494576454163,
      "rmse_mean": 0.11896993219852448,
      "bias_mean": -0.001456784550100565,
      "per_band": {
        "B1": {
          "mae": 0.06553731858730316,
          "rmse": 0.11447443068027496,
          "bias": -0.0015228349948301911
        },
        "B2": {
          "mae": 0.07597554475069046,
          "rmse": 0.13074059784412384,
          "bias": -0.0016751722432672977
        },
        "B3": {
          "mae": 0.07831430435180664,
          "rmse": 0.13425594568252563,
          "bias": -0.001874332781881094
        },
        "B4": {
          "mae": 0.08967926353216171,